title,director,genre,plot
Pulp Fiction,Quentin Tarantino,Crime,"The lives of two mob hitmen, a boxer, a gangster and his wife, and a pair of diner bandits intertwine in a series of bizarre and violent incidents in Los Angeles."
Kill Bill: Vol. 1,Quentin Tarantino,Action,A former assassin known as the Bride awakens from a four-year coma after her jealous ex-boss and colleagues massacre her wedding party. She embarks on a ruthless campaign of revenge.
Kill Bill: Vol. 2,Quentin Tarantino,Action,"The Bride continues her quest of vengeance against her former boss Bill and his remaining subordinates, leading to an emotional and deadly martial arts showdown."
Inglourious Basterds,Quentin Tarantino,War,"In Nazi-occupied France during World War II, a squad of Jewish-American soldiers plans a strike against the Third Reich leadership inside a Parisian cinema execution venue."
Django Unchained,Quentin Tarantino,Western,"A German bounty hunter frees a slave named Django to help him track down criminals. In exchange, they execute a high-stakes mission to rescue Django's wife from a brutal Mississippi plantation owner."
Reservoir Dogs,Quentin Tarantino,Crime,"After a simple jewelry store heist goes terribly wrong, a group of criminals suspect that one of them is a hidden police informant inside their warehouse hideout."
The Hateful Eight,Quentin Tarantino,Mystery,"In the dead of a Wyoming winter, a bounty hunter and his prisoner find shelter in a cabin inhabited by a collection of nefarious characters, sparking paranoia and violence."
Once Upon a Time in Hollywood,Quentin Tarantino,Drama,A faded television actor and his stunt double strive to achieve fame and success in the final years of Hollywood's Golden Age in 1969 Los Angeles.
Jackie Brown,Quentin Tarantino,Crime,A flight attendant with a criminal past gets caught smuggling money for an arms dealer and must outsmart both the feds and the gangsters to survive.
Death Proof,Quentin Tarantino,Thriller,"A scarred stuntman uses his death-proof car to execute elaborate, homicidal vehicular ambushes against unsuspecting young women."
Inception,Christopher Nolan,Sci-Fi,A skilled thief who steals corporate secrets through dream-sharing technology is given the inverse task of planting an idea into the mind of a target.
Interstellar,Christopher Nolan,Sci-Fi,"In a future where Earth is becoming uninhabitable due to agricultural blights, a team of explorers travels through a wormhole in space to find a new home for humanity."
Memento,Christopher Nolan,Thriller,"A man suffering from short-term memory loss attempts to track down his wife's murderer using a system of Polaroid photographs, handwritten notes, and body tattoos."
The Dark Knight,Christopher Nolan,Action,"Batman faces his ultimate psychological test against the Joker, an anarchic criminal mastermind determined to plunge Gotham City into total chaos and dismantle its moral fabric."
The Prestige,Christopher Nolan,Drama,"Following a tragic accident, two stage magicians in 19th-century London engage in an obsessive battle of one-upmanship, sacrificing everything to create the ultimate illusion."
Tenet,Christopher Nolan,Sci-Fi,"Armed with only one word and fighting for the survival of the entire world, a secret agent journeys through a twilight world of international espionage on a mission that unfolds beyond real time."
Dunkirk,Christopher Nolan,War,"Allied soldiers from Belgium, the British Empire, and France are surrounded by the German Army and evacuated during a fierce, multi-perspective battle in World War II."
Oppenheimer,Christopher Nolan,Drama,A historical biographical feature tracking the life of theoretical physicist J. Robert Oppenheimer as he leads the Manhattan Project to develop the first nuclear weapons.
The Dark Knight Rises,Christopher Nolan,Action,"Eight years after the Joker's reign of anarchy, Batman is forced from his exile by a brutal guerrilla terrorist named Bane, who threatens to destroy Gotham City entirely."
Batman Begins,Christopher Nolan,Action,"After training with his mentor, a young Bruce Wayne begins his war on crime to liberate the corrupted Gotham City from the League of Shadows."
Following,Christopher Nolan,Thriller,A young writer who follows strangers around the streets of London for inspiration gets drawn into a dark criminal underworld when he meets a professional burglar.
Insomnia,Christopher Nolan,Mystery,Two Los Angeles homicide detectives are dispatched to a remote Alaskan town to investigate the methodical murder of a local teenage girl under the perpetual daylight.
The Grand Budapest Hotel,Wes Anderson,Comedy,"The adventures of Gustave H, a legendary concierge at a famous European resort between the world wars, and Zero Moustafa, the lobby boy who becomes his most trusted friend."
Moonrise Kingdom,Wes Anderson,Comedy,"On a New England island in the 1960s, an orphaned boy scout and a rebellious girl forge a secret love pact and flee into the wilderness, prompting a bizarre community-wide search operation."
The Royal Tenenbaums,Wes Anderson,Comedy,"An eccentric, estranged patriarch schemes to win back the affections of his three highly dysfunctional, former child-prodigy children by faking a terminal illness."
The Life Aquatic with Steve Zissou,Wes Anderson,Adventure,An eccentric oceanographer assembles a motley crew to hunt down the mysterious jaguar shark that killed his partner during their last documentary expedition.
The Darjeeling Limited,Wes Anderson,Comedy,"A year after their father's funeral, three estranged brothers reunite for a spiritual train journey across India in an attempt to mend their broken family bonds."
Fantastic Mr. Fox,Wes Anderson,Animation,"An urbane fox cannot resist returning to his wild, farm-raiding ways, forcing three brutal local human farmers to launch a massive combined operation to hunt him down."
Isle of Dogs,Wes Anderson,Animation,"Set in a dystopian future Japan, a young boy searches for his lost dog after the entire canine species is banished to a desolate, garbage-filled quarantine island."
The French Dispatch,Wes Anderson,Drama,"A love letter to journalists set in an outpost of an American newspaper in a fictional 20th-century French city, bringing a collection of stories to life."
Asteroid City,Wes Anderson,Comedy,The itinerary of a Junior Stargazer convention in a fictional desert town is spectacularly disrupted by world-changing extraterrestrial events.
Bottle Rocket,Wes Anderson,Crime,Three young friends with absolutely no criminal experience plan and attempt an incredibly elaborate and messy string of small-time suburban robberies.
Rushmore,Wes Anderson,Comedy,"An eccentric, overachieving prep school student strikes up a friendship with a wealthy industrialist, only for both of them to fall in love with a cross-grade elementary school teacher."
Goodfellas,Martin Scorsese,Crime,"The rise and fall of Henry Hill and his life within the Italian-American mafia, from his teenage infatuation with the criminal lifestyle to his eventual descent as a protected state informant."
Taxi Driver,Martin Scorsese,Crime,"A mentally unstable war veteran works as a nighttime taxi driver in New York City, where the perceived moral decay fuels his urge to commit violent, vigilante action."
The Departed,Martin Scorsese,Thriller,An undercover cop and a mole in the police force attempt to identify each other while infiltrating an Irish gang in South Boston.
The Wolf of Wall Street,Martin Scorsese,Comedy,"Based on the true story of Jordan Belfort, tracking his rise to a wealthy stockbroker engaging in massive corporate fraud and corruption on Wall Street."
Casino,Martin Scorsese,Crime,"A gambling mastermind is asked by the mob to oversee casino operations in Las Vegas, but his empire is threatened by a volatile enforcer and a manipulative wife."
Shutter Island,Martin Scorsese,Mystery,A US Marshal investigates the mysterious disappearance of a murderer from a locked hospital facility for the criminally insane on an isolated island.
Raging Bull,Martin Scorsese,Drama,"The life of boxer Jake LaMotta, whose violent temper and deep paranoia lead him to success inside the ring but completely destroy his personal life outside it."
The Irishman,Martin Scorsese,Crime,"An old truck driver looks back on his life as a hitman for a powerful crime syndicate, reflecting on his involvement with the disappearance of Jimmy Hoffa."
Gangs of New York,Martin Scorsese,Drama,"In 1862 New York, a young Irish immigrant seeks vengeance against the brutal nativist gang leader who murdered his father in the Five Points district."
Cape Fear,Martin Scorsese,Thriller,An unhinged convicted rapist is released from prison and seeks terrifying vengeance against the defense lawyer who purposefully withheld evidence during his trial.
Mean Streets,Martin Scorsese,Crime,"A small-time gangster in New York's Little Italy struggles to balance his religious guilt, his loyalty to his reckless friend, and his climb up the mafia hierarchy."
The King of Comedy,Martin Scorsese,Comedy,"A delusional, aspiring stand-up comedian kidnaps a famous late-night talk show host to secure a guest spot on the television program."
Aviator,Martin Scorsese,Drama,A historical biopic tracking the early career of billionaire industrialist Howard Hughes as he directs films and builds aviation empires while battling severe OCD.
Hugo,Martin Scorsese,Adventure,An orphan boy living within the walls of a Paris train station gets drawn into a mystery involving a clockwork automaton left behind by his late father.
Silence,Martin Scorsese,History,Two 17th-century Portuguese Jesuit priests travel to Japan to locate their missing mentor and minister to Christian converts during a brutal era of persecution.
Killers of the Flower Moon,Martin Scorsese,Crime,"Members of the Osage tribe in northeastern Oklahoma are murdered under mysterious circumstances in the 1920s, sparking a major federal investigation."
The Shining,Stanley Kubrick,Horror,"A writer takes a job as a winter caretaker at an isolated mountain hotel. Sinister supernatural forces and extreme isolation slowly drive him into a violent, homicidal madness."
2001: A Space Odyssey,Stanley Kubrick,Sci-Fi,"After uncovering a mysterious artifact buried beneath the Lunar surface, mankind embarks on a spacecraft mission toward Jupiter guided by a sentient supercomputer showing signs of malfunction."
A Clockwork Orange,Stanley Kubrick,Sci-Fi,"In a dystopian England, a charismatic but psychotic gang leader is jailed and volunteers for an experimental psychological aversion therapy to cure his violent urges."
Full Metal Jacket,Stanley Kubrick,War,"A pragmatic US Marine observes the dehumanizing effects of the Vietnam War, tracking raw recruits from brutal basic boot camp training to fierce street combat."
Dr. Strangelove,Stanley Kubrick,Comedy,"An unhinged air force general orders a nuclear attack on the Soviet Union, triggering an emergency meeting in the war room to stop a global doomsday device."
Barry Lyndon,Stanley Kubrick,Drama,"An Irish rogue and opportunist succeeds in marrying a rich widow to climb the social ladder of the 18th-century English aristocracy, only to face ultimate ruin."
Eyes Wide Shut,Stanley Kubrick,Mystery,"A New York City doctor embarks on a harrowing, night-long odyssey of sexual and psychological discovery after his wife admits to having forbidden fantasies."
The Killing,Stanley Kubrick,Crime,"A career criminal plans an incredibly precise, multi-layered heist at a racetrack for his final job before retirement, but human greed ruins the execution."
Paths of Glory,Stanley Kubrick,War,"During World War I, a French commanding officer defends three soldiers on trial for cowardice after a failed, suicidal assault against an impregnable German position."
Spartacus,Stanley Kubrick,Action,"The historical epic of a rebellious gladiator slave who leads a massive, armed uprising against the corrupt Roman Republic empire."
Lolita,Stanley Kubrick,Drama,"A middle-aged literature professor becomes dangerously obsessed with a teenage girl, marrying her mother simply to remain close to the youth."
Jaws,Steven Spielberg,Thriller,"A police chief, a marine scientist, and a grizzled fisherman hunt a massive man-eating great white shark terrorizing a New England resort town."
Raiders of the Lost Ark,Steven Spielberg,Adventure,Archaeologist and adventurer Indiana Jones is hired by the US government to locate the mystical Ark of the Covenant before Nazi forces can secure it.
E.T. the Extra-Terrestrial,Steven Spielberg,Sci-Fi,"A gentle alien is stranded on Earth and discovered by a lonely young boy, who forms a deep psychic bond with the creature and tries to help it return home."
Schindler's List,Steven Spielberg,Biography,"In German-occupied Poland during World War II, industrialist Oskar Schindler gradually spends his entire fortune to save Jewish refugees from concentration camps."
Jurassic Park,Steven Spielberg,Sci-Fi,A pragmatic paleontologist visiting a secret island theme park populated by cloned dinosaurs must protect a group of children after a sabotage causes a total security failure.
Saving Private Ryan,Steven Spielberg,War,"Following the D-Day landings, a group of US Army Rangers goes behind enemy lines in Normandy to locate and bring home a paratrooper whose brothers have all been killed."
Catch Me If You Can,Steven Spielberg,Crime,An experienced FBI bank fraud agent pursues an incredibly clever young con artist who successfully forged millions of dollars in checks while posing as a pilot and doctor.
Minority Report,Steven Spielberg,Sci-Fi,"In a future world where police utilize mutated psychics to arrest murderers before they commit crimes, a top officer is accused of a future homicide."
Close Encounters of the Third Kind,Steven Spielberg,Sci-Fi,"An ordinary blue-collar worker experiences an unexpected close encounter with an unidentified flying object, driving him on an obsessive journey toward a mountain venue."
Indiana Jones and the Last Crusade,Steven Spielberg,Adventure,"Indiana Jones teams up with his eccentric father to find the legendary Holy Grail, fighting Nazi forces across Europe to prevent its misuse."
The Terminal,Steven Spielberg,Comedy,An Eastern European man finds himself trapped at JFK airport terminal when a violent coup in his homeland renders his passport completely invalid.
Lincoln,Steven Spielberg,Biography,The biographical feature tracking US President Abraham Lincoln as he navigates political opposition to pass the 13th Amendment and abolish slavery before the Civil War ends.
Bridge of Spies,Steven Spielberg,Drama,"During the Cold War, an American insurance lawyer is recruited to defend a captured Soviet spy in court and later negotiate a high-stakes trade for a U2 pilot."
The Post,Steven Spielberg,Drama,"Journalists from The Washington Post fight government injunctions to publish the leaked Pentagon Papers, exposing systemic lies about the Vietnam War."
West Side Story,Steven Spielberg,Musical,"Two teenagers from rival New York street gangs fall deeply in love in the 1950s, igniting a violent turf war between their factions."
War of the Worlds,Steven Spielberg,Sci-Fi,"An estranged father struggles to protect his children as an advanced alien empire invades Earth using towering, lethal mechanical tripods."
Munich,Steven Spielberg,History,A secret Israeli counter-terrorist squad is covertly deployed to track down and eliminate the operatives responsible for the massacre at the 1972 Olympics.
A.I. Artificial Intelligence,Steven Spielberg,Sci-Fi,A highly advanced robotic boy programmed with real human emotions embarks on a journey across a flooded future world to become a real child.
The Fabelmans,Steven Spielberg,Drama,A semi-autobiographical feature tracking a young boy growing up in post-WWII Arizona who discovers a shattering family secret through his love of filmmaking.
Amistad,Steven Spielberg,History,"A fierce courtroom drama revolving around a mutiny onboard a Spanish slave ship, leading to a historic US Supreme Court battle over human freedom."
Alien,Ridley Scott,Sci-Fi,"The commercial crew of a deep-space merchant vessel investigates a distress call on an isolated moon, accidentally bringing a highly lethal predatory lifeform on board."
Blade Runner,Ridley Scott,Sci-Fi,"A weary detective in a rain-soaked, dystopian future Los Angeles is pulled from retirement to track down and eliminate four rogue synthetic human replicants."
Gladiator,Ridley Scott,Action,"A betrayed Roman general is reduced to slavery after his family is murdered by a corrupt emperor, climbing the ranks of the Colosseum arena to secure vengeance."
The Martian,Ridley Scott,Sci-Fi,An astronaut is accidentally stranded on Mars during a fierce storm and must use his scientific knowledge to survive on the barren planet while awaiting rescue.
Black Hawk Down,Ridley Scott,War,The harrowing account of an elite force of US soldiers trapped in Mogadishu after two military helicopters are shot down during a raid by militia forces.
Thelma & Louise,Ridley Scott,Drama,Two ordinary suburban women embark on a road trip weekend that spirals into an accidental flight from the law after a violent confrontation at a bar.
Kingdom of Heaven,Ridley Scott,History,"A French blacksmith travels to Jerusalem during the Crusades, becoming a defender of the city against invading Muslim armies led by Saladin."
American Gangster,Ridley Scott,Crime,"An honest detective works to bring down Frank Lucas, a powerful Harlem drug lord who builds an empire by smuggling pure heroin directly inside military cargo planes."
Prometheus,Ridley Scott,Sci-Fi,"A team of scientists journeys to a distant moon to locate the architects of human life, only to uncover a weaponized threat capable of erasing mankind."
Alien: Covenant,Ridley Scott,Sci-Fi,"The crew of a colony ship lands on an uncharted paradise world, discovering a biomechanical nightmare orchestrated by a rogue synthetic android."
Napoleon,Ridley Scott,Biography,The historical account tracking the rapid rise and sudden fall of French military commander Napoleon Bonaparte through his volatile relationship with Josephine.
House of Gucci,Ridley Scott,Drama,"The dark, real-world narrative tracking Patrizia Reggiani as her marriage into the Gucci family sparks corporate greed, betrayal, and eventual contract murder."
Hannibal,Ridley Scott,Thriller,"A disfigured former victim plots a gruesome trap for Dr. Hannibal Lecter, forcing FBI agent Clarice Starling back into the cannibal's orbit."
Matchstick Men,Ridley Scott,Comedy,An obsessive-compulsive con artist has his highly structured lifestyle completely upended when his teenage daughter unexpectedly re-enters his life.
The Last Duel,Ridley Scott,History,"In medieval France, a knight challenges his former squire to a judicial trial by combat after his wife accuses the man of a brutal assault."
Se7en,David Fincher,Thriller,"Two homicide detectives pursue a meticulous serial killer who patterns his grotesque executions after the seven deadly sins in a dark, nameless city."
Fight Club,David Fincher,Drama,"A frustrated, insomniac office worker meets an eccentric soap salesman. Together, they establish an underground fight club as radical therapy, which quickly spirals into an anarchic terror organization."
The Social Network,David Fincher,Drama,"The dramatic account tracking Mark Zuckerberg from his Harvard dorm room as he creates Facebook, resulting in legal battles with early partners."
Zodiac,David Fincher,Mystery,An obsessive political cartoonist and a pair of investigators spend decades hunting the elusive Zodiac killer who taunts San Francisco police with cryptograms.
Gone Girl,David Fincher,Thriller,"A media circus ensues after a man's wife mysteriously vanishes on their anniversary, with clues pointing toward her husband as the prime homicide suspect."
The Curious Case of Benjamin Button,David Fincher,Drama,The whimsical chronicle of a man born with the physical characteristics of an eighty-year-old who systematically ages in reverse over the course of his life.
The Girl with the Dragon Tattoo,David Fincher,Mystery,"An investigative journalist and a brilliant, anti-social computer hacker are hired by an industrialist to solve the forty-year-old murder of his niece."
Panic Room,David Fincher,Thriller,A divorced mother and her daughter retreat inside the high-tech hidden panic room of their new home during a violent home invasion by three thieves.
The Game,David Fincher,Thriller,A wealthy investment banker receives a bizarre birthday gift from his brother: a live action role-playing game that seamlessly consumes his entire corporate life.
The Killer,David Fincher,Thriller,"After a near-miss execution goes wrong, a cold, methodical international assassin wages a targeted war against his employers on a global manhunt."
Mank,David Fincher,Biography,A biographical black-and-white look at 1930s Hollywood through the eyes of cynical screenwriter Herman J. Mankiewicz as he races to finish Citizen Kane.
Alien 3,David Fincher,Sci-Fi,"Ellen Ripley crash-lands on a desolate penal colony planet inhabited by religious inmates, discovering an alien parasite survived the journey with her."
Dune,Denis Villeneuve,Sci-Fi,The brilliant young heir Paul Atreides must travel to the most dangerous desert planet in the universe to secure his family's future amidst imperial betrayal.
Dune: Part Two,Denis Villeneuve,Sci-Fi,Paul Atreides unites with Chani and the Fremen desert warriors to seek ultimate revolutionary vengeance against the conspirators who destroyed his family.
Blade Runner 2049,Denis Villeneuve,Sci-Fi,"A new LAPD blade runner unearths a long-buried secret that has the potential to plunge the remnants of society into chaos, leading him to track down the missing former operative Rick Deckard."
Arrival,Denis Villeneuve,Sci-Fi,"A master linguistics professor is recruited by the US military to decode the unique, non-linear language of extraterrestrial visitors whose vessels float over Earth."
Sicario,Denis Villeneuve,Crime,"An idealistic FBI agent is drafted into a covert government task force to aid in the war against a brutal Mexican drug cartel, uncoupling herself from regular legal protocols."
Prisoners,Denis Villeneuve,Thriller,A desperate father takes the law into his own hands by kidnapping a suspect after his young daughter and her friend go missing in a suburban neighborhood.
Incendies,Denis Villeneuve,Drama,"Twin siblings travel to the Middle East to fulfill their late mother's last wishes, uncovering a shocking family history deeply scarred by civil conflict."
Enemy,Denis Villeneuve,Mystery,"A melancholy college history professor discovers his exact physical double acting in a minor movie, embarking on an obsessive search that shatters his psychological stability."
Polytechnique,Denis Villeneuve,Drama,A stark historical dramatization tracking the tragic events of the 1989 school shooting incident at Montreal's engineering facility through multiple perspectives.
Maelstrom,Denis Villeneuve,Drama,"A chaotic, narrative-driven feature following a depressed young boutique owner whose life changes after she commits a fatal hit-and-run accident with a fishmonger."
Psycho,Alfred Hitchcock,Horror,A secretary on the run with stolen cash checks into a secluded motel managed by a quiet young man under the intense psychological control of his mother.
Vertigo,Alfred Hitchcock,Mystery,"An acrophobic former detective is hired to shadow an old friend's suicidal wife, becoming dangerously obsessed with her image following a tragic fall."
Rear Window,Alfred Hitchcock,Thriller,"A wheelchair-bound photographer confined to his apartment courtyard uses binoculars to pass the time, becoming convinced he witnessed his neighbor commit a murder."
North by Northwest,Alfred Hitchcock,Thriller,"An innocent advertising executive is mistaken for a non-existent government secret agent, launching a cross-country flight pursued by foreign operatives."
The Birds,Alfred Hitchcock,Horror,"A wealthy socialite visits a small California coastal town, which is suddenly plagued by violent, unexplained mass avian assaults against the human population."
Notorious,Alfred Hitchcock,Thriller,The daughter of a convicted spy is recruited by an American agent to infiltrate a group of hidden Nazi scientists operating covertly in post-WWII Rio de Janeiro.
Rebecca,Alfred Hitchcock,Mystery,"A naive young woman marries a wealthy widower and moves to his massive coastal estate, finding herself haunted by the psychological legacy of his deceased first wife."
Rope,Alfred Hitchcock,Crime,"Two brilliant students execute a classmate simply to prove their intellectual superiority, hosting a dinner party with the body hidden inside a chest in the room."
Dial M for Murder,Alfred Hitchcock,Thriller,"A retired tennis professional plots the perfect crime to execute his wealthy wife for her inheritance, but an unexpected defense ruins his scheme."
Strangers on a Train,Alfred Hitchcock,Thriller,"Two passengers meet on a train journey and discuss swapping murders, with one taking the arrangement seriously and executing the other's estranged wife."
Shadow of a Doubt,Alfred Hitchcock,Thriller,"A young girl welcomes her charismatic uncle to town, gradually unearthing clues that link him to a series of methodical homicides across the country."
The 39 Steps,Alfred Hitchcock,Mystery,"An innocent civilian in London becomes accidentally entangled in an international espionage ring, fleeing to Scotland to stop the theft of military secrets."
Spellbound,Alfred Hitchcock,Mystery,"A psychiatrist attempts to unlock the repressed memories of an amnesiac director accused of murder, using dream analysis to identify the real killer."
The Lady Vanishes,Alfred Hitchcock,Mystery,"An old governess mysteriously disappears from a train journey through Europe, forcing a young woman to investigate despite other passengers denying the lady ever existed."
Suspicion,Alfred Hitchcock,Thriller,"A wealthy heiress marries a charming but reckless gambler, slowly becoming convinced that he plans to murder her to collect her life insurance policy."
To Catch a Thief,Alfred Hitchcock,Romance,A retired cat burglar operating on the French Riviera must catch a copycat thief to prove his own innocence to local police forces.
Frenzy,Alfred Hitchcock,Thriller,"London police hunt a serial killer who uses neckties to execute women, accidentally focusing their investigation on an innocent, hot-tempered former pilot."
Marnie,Alfred Hitchcock,Thriller,"A wealthy businessman catches a beautiful, compulsive thief robbing his safe, forcing her into marriage to uncover the deep childhood trauma driving her kleptomania."
Saboteur,Alfred Hitchcock,Thriller,"An aircraft factory worker goes on the run across America to clear his name after being wrongly accused of starting a fatal, sabotage-fueled fire."
Lifeboat,Alfred Hitchcock,Drama,"Following a U-boat ambush in WWII, several British and American survivors board a single lifeboat, rescueing the German captain who sunk their vessel."
The Terminator,James Cameron,Sci-Fi,A cyborg assassin is sent back in time from a post-apocalyptic future to eliminate a woman whose unborn son will lead mankind in a war against machines.
Terminator 2: Judgment Day,James Cameron,Sci-Fi,"An advanced, shapeshifting prototype cyborg is deployed to assassinate a young boy, who is protected by a reprogrammed older machine model."
Aliens,James Cameron,Sci-Fi,Ellen Ripley is awakened from stasis and accompanies an elite squad of colonial marines back to an isolated colony moon that has ceased all communications.
Titanic,James Cameron,Romance,"A wealthy young woman and a poor artist fall in love aboard the maiden voyage of the unsinkable luxury ocean liner, which hits an iceberg in the Atlantic."
Avatar,James Cameron,Sci-Fi,"A paraplegic marine deployed to a distant moon on a corporate mining mission inhabits a biological avatar body, aligning himself with the native humanoid species."
Avatar: The Way of Water,James Cameron,Sci-Fi,Jake Sully and his family seek refuge with an oceanic clan of Pandora to protect their children from a renewed assault by corporate military forces.
The Abyss,James Cameron,Sci-Fi,"A search and recovery team working alongside a deep-sea oil crew races to locate a sunken nuclear submarine, encountering an unexpected underwater intelligence."
True Lies,James Cameron,Action,A top-tier secret agent struggling to maintain a boring corporate cover story with his wife has his double life collapse when terrorists target his family.
Titanic 3D,James Cameron,Romance,"A historical re-release tracking the catastrophic sinking of the white star liner, remastered with depth vectors to highlight the scale of the maritime disaster."
The Godfather,Francis Ford Coppola,Crime,"The aging patriarch of an organized crime family transfers control of his clandestine empire to his reluctant youngest son, who is forced into a brutal turf war."
The Godfather: Part II,Francis Ford Coppola,Crime,"The dual narrative tracking a young Michael Corleone as he consolidates his criminal empire, contrasted with the origin story of his father Vito in early New York."
Apocalypse Now,Francis Ford Coppola,War,"During the Vietnam War, an army captain is sent on a covert river mission into Cambodia to locate and assassinate a rogue special forces colonel who declared himself a god."
The Conversation,Francis Ford Coppola,Thriller,An obsessive audio surveillance expert experiences a severe moral crisis when he suspects that the private conversation he secretly recorded will lead to a murder.
Bram Stoker's Dracula,Francis Ford Coppola,Horror,"The centuries-old vampire Count Dracula travels to London to pursue the lookalike reincarnation of his long-dead wife, leaving a trail of blood across Victorian society."
The Outsiders,Francis Ford Coppola,Drama,A bitter rivalry between two adolescent gangs in rural Oklahoma boils over when a confrontation leads to the accidental death of a wealthy rival faction member.
Rumble Fish,Francis Ford Coppola,Drama,"A small-time teenage street thug struggles to live up to the legendary reputation of his older brother, a missing gang leader known as the Motorcycle Boy."
The Godfather: Part III,Francis Ford Coppola,Crime,"An aging Michael Corleone attempts to legitimize his family assets and extricate his children from the criminal underworld, facing corporate betrayal inside the Vatican."
The Rainmaker,Francis Ford Coppola,Drama,"An idealistic young law school graduate takes on a massive, corrupt insurance corporation that refused to fund a life-saving medical procedure for a dying boy."
Tucker: The Man and His Dream,Francis Ford Coppola,Biography,"An eccentric engineer designs a revolutionary automobile in the post-WWII era, facing intense anti-competitive sabotage from Detroit's big three manufacturers."
Unforgiven,Clint Eastwood,Western,"An aging, retired outlaw takes one final bounty contract job with an old partner to collect a reward, confronting a brutal frontier sheriff."
Million Dollar Baby,Clint Eastwood,Drama,"A hardened, veteran boxing trainer reluctantly takes on an ambitious young woman from rural Missouri, guiding her to professional title fights until tragedy strikes."
Gran Torino,Clint Eastwood,Drama,"A bitter, retired auto worker and Korean War veteran develops an unexpected relationship with his Hmong neighbors after preventing a local gang assault."
Mystic River,Clint Eastwood,Mystery,"The lives of three childhood friends from Boston are shattered when the daughter of one is methodically murdered, putting another under intense investigation."
American Sniper,Clint Eastwood,Biography,"The biographical account of Navy SEAL sniper Chris Kyle, whose pinpoint accuracy saves countless lives on the battlefield but alienates his family back home."
Letters from Iwo Jima,Clint Eastwood,War,The historical account of the fierce Battle of Iwo Jima told from the perspective of the Japanese soldiers who defended the island against US forces.
Flags of Our Fathers,Clint Eastwood,War,"The historical account tracking the life of the servicemen who raised the flag at Iwo Jima, exploring how the image was exploited for war bonds."
Sully,Clint Eastwood,Biography,"Pilot Chesley Sullenberger executes an emergency landing on the Hudson River to save his passengers, facing intense investigation over his split-second decision."
Invictus,Clint Eastwood,History,Nelson Mandela enlists the South African rugby team to unite the deeply divided nation in the post-apartheid era by winning the 1995 World Cup.
The Mule,Clint Eastwood,Crime,"An eighty-year-old horticulturist facing financial ruin unknowingly accepts a job as a drug courier for a powerful Mexican cartel, drawing cartel attention."
No Country for Old Men,Joel Coen,Thriller,"A hunter stumbles upon a botched drug deal in the desert and takes a briefcase full of cash, pursued by a psychopathic assassin who utilizes a cattle gun."
Fargo,Joel Coen,Crime,"A desperate car salesman hires two incompetent criminals to kidnap his own wife for ransom, sparking a bloody investigation by a pregnant local police chief."
The Big Lebowski,Joel Coen,Comedy,"An unemployed slacker and bowling enthusiast is mistaken for a local millionaire with the same name, drawing him into a chaotic kidnapping plot involving nihilists."
"O Brother, Where Art Thou?",Joel Coen,Comedy,"Three escaped convicts search for hidden treasure in the deep south during the Great Depression, encountering a series of bizarre characters loosely based on the Odyssey."
Miller's Crossing,Joel Coen,Crime,An analytical advisor to a powerful mob boss plays both sides of an escalation between rival Italian and Irish gangs during the Prohibition era.
True Grit,Joel Coen,Western,"A stubborn fourteen-year-old girl recruits a trigger-happy, alcoholic US Marshal to track down the outlaw who murdered her father in Indian territory."
Inside Llewyn Davis,Joel Coen,Drama,"A week in the life of a talented but chronically broke folk singer as he navigates the cold streets of 1961 Greenwich Village, seeking a musical breakthrough."
A Serious Man,Joel Coen,Comedy,"A midwestern physics professor watches his regular life systematically collapse through divorce, career sabotage, and demanding neighbors, seeking guidance from rabbis."
Barton Fink,Joel Coen,Drama,"A political New York playwright moves to Hollywood in 1941 to write a wrestling movie script, experiencing severe writer's block inside a surreal hotel room."
Burn After Reading,Joel Coen,Comedy,"Two dim-witted gym employees stumble upon a disc containing the memoirs of a cynical CIA analyst, attempting to blackmail him to fund cosmetic surgery."
The Lord of the Rings: The Fellowship of the Ring,Peter Jackson,Fantasy,"A young hobbit inherits a powerful, corrupted ring and must journey toward a volcano venue to destroy it, protected by an alliance of warriors."
The Lord of the Rings: The Two Towers,Peter Jackson,Fantasy,"The fractured alliance continues their quest, with two hobbits guided by a treacherous creature while their companions rally forces against dark armies."
The Lord of the Rings: The Return of the King,Peter Jackson,Fantasy,The final battle for civilization culminates as a brave warrior claims his ancestral throne while the hobbits reach the volcano core to destroy the ring.
King Kong,Peter Jackson,Adventure,"An ambitious film director leads his crew to an uncharted island, capturing a colossal ape and transporting the creature to New York for exhibition."
The Hobbit: An Unexpected Journey,Peter Jackson,Fantasy,A reluctant hobbit is recruited by a wizard and a company of dwarves to reclaim a lost mountain kingdom from a fierce dragon.
The Hobbit: The Desolation of Smaug,Peter Jackson,Fantasy,"The dwarves continue their trek eastward, navigating dangerous forests and political corruption to breach the mountain and confront the dragon Smaug."
The Hobbit: The Battle of the Five Armies,Peter Jackson,Fantasy,The reclamation of the dwarf kingdom sparks an escalation as five distinct military forces converge on the mountain for a decisive confrontation.
The Lovely Bones,Peter Jackson,Drama,"A murdered young girl observes her grieving family and her hidden killer from a surreal afterlife state, struggling to balance vengeance and peace."
Heavenly Creatures,Peter Jackson,Crime,Based on a true story tracking two intense teenage girls whose obsessive friendship and vivid fantasy lives lead them to execute a brutal murder.
Dead Alive,Peter Jackson,Horror,"A young man must deal with his overbearing mother turning into a ravenous zombie after an exotic monkey bite, causing an outbreak in his neighborhood."
Pan's Labyrinth,Guillermo del Toro,Fantasy,"In post-civil war Spain, a young girl escapes her cruel military stepfather by discovering a hidden stone labyrinth guarded by a mythical faun creature."
The Shape of Water,Guillermo del Toro,Romance,A mute cleaning woman working inside a high-security government research facility in the 1960s discovers and falls in love with an amphibious creature.
Hellboy,Guillermo del Toro,Action,A red-skinned demon raised by a secret government agency fights occult forces and paranormal threats to protect humanity from dark incursions.
Hellboy II: The Golden Army,Guillermo del Toro,Action,Hellboy must stop an underground elven prince from awakening an unstoppable legion of mechanical warriors to eradicate the human race.
Pacific Rim,Guillermo del Toro,Sci-Fi,Humanity deploys massive pilot-controlled mechanical suits to fight towering alien monsters that emerge from a portal beneath the Pacific ocean.
Crimson Peak,Guillermo del Toro,Horror,"An aspiring author marries a mysterious aristocrat and moves to his decaying gothic mansion, discovering the house harbors ghostly entities and dark secrets."
Nightmare Alley,Guillermo del Toro,Thriller,"An ambitious carnival worker skilled in psychological manipulation swindles wealthy elites in 1940s society, allied with a dangerous psychiatrist."
Cronos,Guillermo del Toro,Horror,"An elderly antique dealer uncovers a golden mechanical scarab artifact that grants youth and immortality, discovering it requires a hunger for human blood."
The Devil's Backbone,Guillermo del Toro,Horror,An orphan boy arriving at a remote school during the Spanish Civil War is haunted by the spectral image of a student murdered on the grounds.
Blade II,Guillermo del Toro,Action,The vampire hunter Blade forms a temporary alliance with an elite vampire squad to hunt down a mutated strain of monsters that preys on both humans and vampires.
